borrower_id,name,gender,phone,email,loan_id,loan_type,principal_amount,outstanding_amount,monthly_emi,days_past_due,risk_bucket,risk_score,employment_status,monthly_income,hardship_category,preferred_language,best_time_to_contact,disposition_status,settlement_eligible,max_discount_pct,last_payment_date
BORR-1001,Rajesh Sharma,M,+91 9759770415,rajesh.sharma13@example.com,LN-7000,Personal Loan,486123,40904,6679,68,61-90 DPD (High),78,Small Business Owner,50790,Overleveraged Multiple EMIs,English,Morning (9:00 AM - 12:00 PM),Restructure Requested,True,15,2026-07-11
BORR-1002,Priya Sundaram,F,+91 9815595695,priya.sundaram53@example.com,LN-7017,MSME Business Loan,760663,45558,34782,17,0-30 DPD (Early),23,Small Business Owner,39390,Willful Avoidance / Evasive,Telugu,Morning (9:00 AM - 12:00 PM),Cooperative,False,0,2026-09-06
BORR-1003,Amit Patel,M,+91 9824978655,amit.patel22@example.com,LN-7034,Credit Card Outstanding,51319,10989,9065,45,31-60 DPD (Mid),66,Self-Employed / Freelancer,82921,Willful Avoidance / Evasive,English,Evening (5:00 PM - 7:00 PM),Dispute Raised,False,5,2026-08-08
BORR-1004,Sunita Rao,F,+91 9843742291,sunita.rao18@example.com,LN-7051,Two-Wheeler Loan,73934,5559,4142,23,0-30 DPD (Early),42,Small Business Owner,131712,Willful Avoidance / Evasive,Hindi,Afternoon (1:00 PM - 4:00 PM),Cooperative,False,0,2026-08-28
BORR-1005,Vikram Malhotra,M,+91 9774266288,vikram.malhotra75@example.com,LN-7068,Consumer Durable Loan,50016,7062,4770,55,31-60 DPD (Mid),47,Salaried (MNC),138666,Overleveraged Multiple EMIs,Tamil,Afternoon (1:00 PM - 4:00 PM),Broken PTP,False,5,2026-08-01
BORR-1006,Deepak Gupta,M,+91 9784910297,deepak.gupta68@example.com,LN-7085,Personal Loan,362451,25940,17483,28,0-30 DPD (Early),43,Self-Employed / Freelancer,55894,Willful Avoidance / Evasive,Telugu,Evening (5:00 PM - 7:00 PM),Cooperative,False,0,2026-08-28
BORR-1007,Kavita Nair,F,+91 9828554982,kavita.nair17@example.com,LN-7102,MSME Business Loan,1167460,53300,30924,23,0-30 DPD (Early),22,Salaried (Private),46143,Overleveraged Multiple EMIs,Hindi,Evening (5:00 PM - 7:00 PM),Promise to Pay (PTP),False,0,2026-08-22
BORR-1008,Mohammed Farooq,M,+91 9914207359,mohammed.farooq95@example.com,LN-7119,Credit Card Outstanding,45860,16988,7061,75,61-90 DPD (High),87,Salaried (MNC),44784,Job Loss / Layoff,Telugu,Evening (5:00 PM - 7:00 PM),Unresponsive,True,15,2026-07-11
BORR-1009,Ananya Sen,F,+91 9953925412,ananya.sen62@example.com,LN-7136,Two-Wheeler Loan,83219,4221,3667,8,0-30 DPD (Early),41,Salaried (MNC),150427,Willful Avoidance / Evasive,English,Morning (9:00 AM - 12:00 PM),Cooperative,False,0,2026-09-13
BORR-1010,Rohan Joshi,M,+91 9948371554,rohan.joshi41@example.com,LN-7153,Consumer Durable Loan,43315,18042,4871,95,90+ DPD (Critical / NPA),96,Salaried (Private),31868,Medical Emergency in Family,Hindi,Afternoon (1:00 PM - 4:00 PM),Broken PTP,True,25,2026-06-16
BORR-1011,Sneha Kulkarni,F,+91 9868365303,sneha.kulkarni17@example.com,LN-7170,Personal Loan,182540,8973,5931,20,0-30 DPD (Early),36,Salaried (MNC),49000,Client Payment Delayed / Cash Crunch,Telugu,Morning (9:00 AM - 12:00 PM),Unresponsive,False,0,2026-08-30
BORR-1012,Manish Tiwari,M,+91 9980666834,manish.tiwari50@example.com,LN-7187,MSME Business Loan,678517,142711,27969,104,90+ DPD (Critical / NPA),94,Self-Employed / Freelancer,106642,Disputed Hidden Charges,English,Morning (9:00 AM - 12:00 PM),Legal Escalation Warning,True,25,2026-06-13
BORR-1013,Pooja Hegde,F,+91 9772096993,pooja.hegde43@example.com,LN-7204,Credit Card Outstanding,50374,7797,7462,8,0-30 DPD (Early),43,Self-Employed / Freelancer,83215,Willful Avoidance / Evasive,Hindi,Evening (5:00 PM - 7:00 PM),Unresponsive,False,0,2026-09-15
BORR-1014,Harish Chandra,M,+91 9770233268,harish.chandra91@example.com,LN-7221,Two-Wheeler Loan,96759,16600,2819,101,90+ DPD (Critical / NPA),96,Salaried (Private),47724,Willful Avoidance / Evasive,Telugu,Morning (9:00 AM - 12:00 PM),Unresponsive,True,25,2026-06-17
BORR-1015,Divya Menon,F,+91 9921348877,divya.menon13@example.com,LN-7238,Consumer Durable Loan,83903,4264,3216,15,0-30 DPD (Early),45,Salaried (MNC),69732,Willful Avoidance / Evasive,Tamil,Morning (9:00 AM - 12:00 PM),Cooperative,False,0,2026-09-08
BORR-1016,Suresh Reddy,M,+91 9849573877,suresh.reddy18@example.com,LN-7255,Personal Loan,456263,82418,13785,108,90+ DPD (Critical / NPA),94,Self-Employed / Freelancer,35235,Medical Emergency in Family,Hindi,Evening (5:00 PM - 7:00 PM),Unresponsive,True,25,2026-06-06
BORR-1017,Neha Agarwal,F,+91 9737566901,neha.agarwal95@example.com,LN-7272,MSME Business Loan,1154717,224454,24840,130,90+ DPD (Critical / NPA),94,Small Business Owner,109077,Willful Avoidance / Evasive,Hinglish,Afternoon (1:00 PM - 4:00 PM),Broken PTP,True,25,2026-05-12
BORR-1018,Sanjay Mehta,M,+91 9937382733,sanjay.mehta96@example.com,LN-7289,Credit Card Outstanding,52241,5259,4389,20,0-30 DPD (Early),45,Salaried (Private),115867,Medical Emergency in Family,Hinglish,Morning (9:00 AM - 12:00 PM),Unresponsive,False,0,2026-09-03
BORR-1019,Arvind Swaminathan,M,+91 9906146870,arvind.swaminathan73@example.com,LN-7306,Two-Wheeler Loan,109215,7562,4377,35,31-60 DPD (Mid),66,Salaried (Private),55941,Disputed Hidden Charges,Hindi,Evening (5:00 PM - 7:00 PM),Broken PTP,False,5,2026-08-09
BORR-1020,Meera Iyer,F,+91 9941629363,meera.iyer43@example.com,LN-7323,Consumer Durable Loan,81074,12235,3179,87,61-90 DPD (High),79,Self-Employed / Freelancer,143309,Medical Emergency in Family,Hindi,Afternoon (1:00 PM - 4:00 PM),Unresponsive,True,15,2026-06-28
BORR-1021,Karan Singhania,M,+91 9904215510,karan.singhania71@example.com,LN-7340,Personal Loan,319687,18080,13818,16,0-30 DPD (Early),29,Salaried (Private),85812,Disputed Hidden Charges,Hinglish,Afternoon (1:00 PM - 4:00 PM),Cooperative,False,0,2026-08-31
BORR-1022,Radhika Verma,F,+91 9714550303,radhika.verma20@example.com,LN-7357,MSME Business Loan,452727,71570,23524,65,61-90 DPD (High),85,Small Business Owner,113813,Client Payment Delayed / Cash Crunch,Hinglish,Afternoon (1:00 PM - 4:00 PM),Restructure Requested,True,15,2026-07-18
BORR-1023,Naveen Kumar,M,+91 9761412366,naveen.kumar82@example.com,LN-7374,Credit Card Outstanding,51992,24703,4876,120,90+ DPD (Critical / NPA),93,Salaried (MNC),70930,Job Loss / Layoff,Telugu,Morning (9:00 AM - 12:00 PM),Dispute Raised,True,25,2026-05-18
BORR-1024,Preeti Deshmukh,F,+91 9883197093,preeti.deshmukh11@example.com,LN-7391,Two-Wheeler Loan,88411,13491,3541,87,61-90 DPD (High),86,Salaried (Private),148517,Willful Avoidance / Evasive,Tamil,Morning (9:00 AM - 12:00 PM),Broken PTP,True,15,2026-06-22
BORR-1025,Gaurav Saxena,M,+91 9890495200,gaurav.saxena43@example.com,LN-7408,Consumer Durable Loan,76424,5998,2241,59,31-60 DPD (Mid),65,Salaried (Private),78084,Medical Emergency in Family,Tamil,Afternoon (1:00 PM - 4:00 PM),Dispute Raised,False,5,2026-07-22
BORR-1026,Shalini Bose,F,+91 9997143528,shalini.bose77@example.com,LN-7425,Personal Loan,284450,29315,16515,54,31-60 DPD (Mid),63,Self-Employed / Freelancer,99019,Job Loss / Layoff,Hindi,Morning (9:00 AM - 12:00 PM),Dispute Raised,False,5,2026-07-28
BORR-1027,Tarun Bhatia,M,+91 9707595844,tarun.bhatia78@example.com,LN-7442,MSME Business Loan,706327,41383,37852,6,0-30 DPD (Early),21,Salaried (MNC),156680,Medical Emergency in Family,Telugu,Afternoon (1:00 PM - 4:00 PM),Unresponsive,False,0,2026-09-19
BORR-1028,Swati Pandey,F,+91 9739772562,swati.pandey83@example.com,LN-7459,Credit Card Outstanding,136318,22999,7978,62,61-90 DPD (High),75,Temporarily Unemployed,93061,Medical Emergency in Family,Tamil,Evening (5:00 PM - 7:00 PM),Restructure Requested,True,15,2026-07-26
BORR-1029,Ashok Pillai,M,+91 9793315439,ashok.pillai80@example.com,LN-7476,Two-Wheeler Loan,105178,4454,4016,5,0-30 DPD (Early),33,Salaried (Private),104351,Medical Emergency in Family,Hinglish,Evening (5:00 PM - 7:00 PM),Cooperative,False,0,2026-09-15
BORR-1030,Leena Fernandes,F,+91 9779988072,leena.fernandes44@example.com,LN-7493,Consumer Durable Loan,60159,12432,4637,63,61-90 DPD (High),72,Salaried (MNC),103657,Disputed Hidden Charges,Tamil,Evening (5:00 PM - 7:00 PM),Restructure Requested,True,15,2026-07-15
