interaction_id,borrower_id,borrower_name,timestamp,channel,agent_name,borrower_tone,transcript_summary,commitment_amount,commitment_date,outcome,is_broken_ptp,memory_tags
INT-5001,BORR-1001,Rajesh Sharma,2026-07-22 12:24:00,IVR Call,Pooja V. (Vasool AI),Cooperative,Borrower acknowledged delay due to multiple simultaneous EMIs. Confirmed intention to pay ₹6679 before next billing cycle. Requested digital payment UPI link.,6679,2026-10-01,Promise to Pay (PTP),False,"multiple_emis,upi_payment_link_requested,cooperative"
INT-5002,BORR-1001,Rajesh Sharma,2026-08-06 12:55:00,IVR Call,Anand M. (Escalation Lead),Cooperative,Borrower acknowledged delay due to multiple simultaneous EMIs. Confirmed intention to pay ₹6679 before next billing cycle. Requested digital payment UPI link.,6679,2026-10-01,Promise to Pay (PTP),False,"multiple_emis,upi_payment_link_requested,cooperative"
INT-5003,BORR-1001,Rajesh Sharma,2026-08-25 16:47:00,WhatsApp Reminder,Pooja V. (Vasool AI),Cooperative,Borrower acknowledged delay due to multiple simultaneous EMIs. Confirmed intention to pay ₹6679 before next billing cycle. Requested digital payment UPI link.,6679,2026-10-01,Promise to Pay (PTP),False,"multiple_emis,upi_payment_link_requested,cooperative"
INT-5004,BORR-1001,Rajesh Sharma,2026-09-11 15:31:00,WhatsApp Reminder,Ramesh K. (Senior Specialist),Cooperative,Borrower acknowledged delay due to multiple simultaneous EMIs. Confirmed intention to pay ₹6679 before next billing cycle. Requested digital payment UPI link.,6679,2026-10-01,Promise to Pay (PTP),False,"multiple_emis,upi_payment_link_requested,cooperative"
INT-5005,BORR-1002,Priya Sundaram,2026-09-10 10:45:00,WhatsApp Reminder,Vasool Automated Bot,Curt,"Borrower disconnected call abruptly after stating they were in a meeting. On callback, claimed wrong number or said 'I will see next week'. No concrete commitment provided.",0,,Refused to Pay,False,"evasive,call_disconnected,unresponsive_debtor"
INT-5006,BORR-1002,Priya Sundaram,2026-09-19 10:12:00,Inbound Callback,Vasool Automated Bot,Evasive,"Borrower disconnected call abruptly after stating they were in a meeting. On callback, claimed wrong number or said 'I will see next week'. No concrete commitment provided.",0,,Refused to Pay,False,"evasive,call_disconnected,unresponsive_debtor"
INT-5007,BORR-1003,Amit Patel,2026-08-12 11:44:00,Inbound Callback,Ramesh K. (Senior Specialist),Cold,"Borrower disconnected call abruptly after stating they were in a meeting. On callback, claimed wrong number or said 'I will see next week'. No concrete commitment provided.",0,,Refused to Pay,False,"evasive,call_disconnected,unresponsive_debtor"
INT-5008,BORR-1003,Amit Patel,2026-08-28 13:50:00,IVR Call,Ramesh K. (Senior Specialist),Curt,"Borrower disconnected call abruptly after stating they were in a meeting. On callback, claimed wrong number or said 'I will see next week'. No concrete commitment provided.",0,,Refused to Pay,False,"evasive,call_disconnected,unresponsive_debtor"
INT-5009,BORR-1003,Amit Patel,2026-09-12 09:24:00,Outbound Call,Vasool Automated Bot,Cold,"Borrower disconnected call abruptly after stating they were in a meeting. On callback, claimed wrong number or said 'I will see next week'. No concrete commitment provided.",0,,Refused to Pay,False,"evasive,call_disconnected,unresponsive_debtor"
INT-5010,BORR-1004,Sunita Rao,2026-09-05 12:45:00,IVR Call,Vasool Automated Bot,Curt,"Borrower disconnected call abruptly after stating they were in a meeting. On callback, claimed wrong number or said 'I will see next week'. No concrete commitment provided.",0,,Refused to Pay,False,"evasive,call_disconnected,unresponsive_debtor"
INT-5011,BORR-1004,Sunita Rao,2026-09-14 15:47:00,SMS Urgent Notice,Vasool Automated Bot,Evasive,"Borrower disconnected call abruptly after stating they were in a meeting. On callback, claimed wrong number or said 'I will see next week'. No concrete commitment provided.",0,,Refused to Pay,False,"evasive,call_disconnected,unresponsive_debtor"
INT-5012,BORR-1005,Vikram Malhotra,2026-08-02 16:43:00,WhatsApp Reminder,Pooja V. (Vasool AI),Cooperative,Borrower acknowledged delay due to multiple simultaneous EMIs. Confirmed intention to pay ₹4770 before next billing cycle. Requested digital payment UPI link.,4770,2026-10-01,Promise to Pay (PTP),False,"multiple_emis,upi_payment_link_requested,cooperative"
INT-5013,BORR-1005,Vikram Malhotra,2026-08-20 10:53:00,IVR Call,Vasool Automated Bot,Cooperative,Borrower acknowledged delay due to multiple simultaneous EMIs. Confirmed intention to pay ₹4770 before next billing cycle. Requested digital payment UPI link.,4770,2026-10-01,Promise to Pay (PTP),False,"multiple_emis,upi_payment_link_requested,cooperative"
INT-5014,BORR-1005,Vikram Malhotra,2026-09-07 14:17:00,WhatsApp Reminder,Anand M. (Escalation Lead),Cooperative,Borrower acknowledged delay due to multiple simultaneous EMIs. Confirmed intention to pay ₹4770 before next billing cycle. Requested digital payment UPI link.,4770,2026-10-01,Promise to Pay (PTP),False,"multiple_emis,upi_payment_link_requested,cooperative"
INT-5015,BORR-1006,Deepak Gupta,2026-08-31 11:33:00,Inbound Callback,Pooja V. (Vasool AI),Curt,"Borrower disconnected call abruptly after stating they were in a meeting. On callback, claimed wrong number or said 'I will see next week'. No concrete commitment provided.",0,,Refused to Pay,False,"evasive,call_disconnected,unresponsive_debtor"
INT-5016,BORR-1006,Deepak Gupta,2026-09-13 16:11:00,Outbound Call,Vasool Automated Bot,Cold,"Borrower disconnected call abruptly after stating they were in a meeting. On callback, claimed wrong number or said 'I will see next week'. No concrete commitment provided.",0,,Refused to Pay,False,"evasive,call_disconnected,unresponsive_debtor"
INT-5017,BORR-1007,Kavita Nair,2026-09-04 17:20:00,WhatsApp Reminder,Anand M. (Escalation Lead),Cooperative,Borrower acknowledged delay due to multiple simultaneous EMIs. Confirmed intention to pay ₹30924 before next billing cycle. Requested digital payment UPI link.,30924,2026-10-01,Promise to Pay (PTP),False,"multiple_emis,upi_payment_link_requested,cooperative"
INT-5018,BORR-1007,Kavita Nair,2026-09-16 17:54:00,Inbound Callback,Vasool Automated Bot,Cooperative,Borrower acknowledged delay due to multiple simultaneous EMIs. Confirmed intention to pay ₹30924 before next billing cycle. Requested digital payment UPI link.,30924,2026-10-01,Promise to Pay (PTP),False,"multiple_emis,upi_payment_link_requested,cooperative"
INT-5019,BORR-1008,Mohammed Farooq,2026-07-15 18:24:00,Outbound Call,Pooja V. (Vasool AI),Defensive,Borrower informed about layoff in tech sector downsizing. Currently attending interviews. Requested emergency moratorium or reduced EMI of ₹4236 for 3 months.,0,,Restructure Requested,False,"job_loss,layoff,restructuring_requested,reduced_capacity"
INT-5020,BORR-1008,Mohammed Farooq,2026-07-31 09:24:00,Outbound Call,Pooja V. (Vasool AI),Anxious,Borrower informed about layoff in tech sector downsizing. Currently attending interviews. Requested emergency moratorium or reduced EMI of ₹4236 for 3 months.,0,,Restructure Requested,False,"job_loss,layoff,restructuring_requested,reduced_capacity"
INT-5021,BORR-1008,Mohammed Farooq,2026-08-20 17:25:00,WhatsApp Reminder,Anand M. (Escalation Lead),Distressed,Borrower informed about layoff in tech sector downsizing. Currently attending interviews. Requested emergency moratorium or reduced EMI of ₹4236 for 3 months.,3530,2026-10-03,Restructure Requested,False,"job_loss,layoff,restructuring_requested,reduced_capacity"
INT-5022,BORR-1008,Mohammed Farooq,2026-09-05 11:46:00,IVR Call,Anand M. (Escalation Lead),Distressed,Borrower informed about layoff in tech sector downsizing. Currently attending interviews. Requested emergency moratorium or reduced EMI of ₹4236 for 3 months.,3530,2026-10-03,Restructure Requested,False,"job_loss,layoff,restructuring_requested,reduced_capacity"
INT-5023,BORR-1009,Ananya Sen,2026-09-19 14:16:00,Inbound Callback,Ramesh K. (Senior Specialist),Evasive,"Borrower disconnected call abruptly after stating they were in a meeting. On callback, claimed wrong number or said 'I will see next week'. No concrete commitment provided.",0,,Refused to Pay,False,"evasive,call_disconnected,unresponsive_debtor"
INT-5024,BORR-1009,Ananya Sen,2026-09-22 16:18:00,SMS Urgent Notice,Ramesh K. (Senior Specialist),Cold,"Borrower disconnected call abruptly after stating they were in a meeting. On callback, claimed wrong number or said 'I will see next week'. No concrete commitment provided.",0,,Refused to Pay,False,"evasive,call_disconnected,unresponsive_debtor"
INT-5025,BORR-1010,Rohan Joshi,2026-06-24 16:23:00,SMS Urgent Notice,Pooja V. (Vasool AI),Distressed,Borrower explained financial crisis due to family medical treatment at hospital. Stated savings were depleted. Requested waiver of late charges and asked for time until month-end salary.,0,,Restructure Requested,False,"medical_hardship,family_hospitalization,request_late_fee_waiver"
INT-5026,BORR-1010,Rohan Joshi,2026-07-17 09:34:00,WhatsApp Reminder,Anand M. (Escalation Lead),Cooperative,Borrower explained financial crisis due to family medical treatment at hospital. Stated savings were depleted. Requested waiver of late charges and asked for time until month-end salary.,2435,2026-07-24,Broken PTP,True,"medical_hardship,family_hospitalization,request_late_fee_waiver"
INT-5027,BORR-1010,Rohan Joshi,2026-08-09 17:52:00,SMS Urgent Notice,Ramesh K. (Senior Specialist),Distressed,Borrower explained financial crisis due to family medical treatment at hospital. Stated savings were depleted. Requested waiver of late charges and asked for time until month-end salary.,2435,2026-08-16,Broken PTP,True,"medical_hardship,family_hospitalization,request_late_fee_waiver"
INT-5028,BORR-1010,Rohan Joshi,2026-09-01 12:13:00,IVR Call,Pooja V. (Vasool AI),Hesitant,Borrower explained financial crisis due to family medical treatment at hospital. Stated savings were depleted. Requested waiver of late charges and asked for time until month-end salary.,2435,2026-09-08,Promise to Pay (PTP),False,"medical_hardship,family_hospitalization,request_late_fee_waiver"
INT-5029,BORR-1011,Sneha Kulkarni,2026-09-06 12:35:00,Outbound Call,Ramesh K. (Senior Specialist),Cooperative,Borrower cited delayed client receivables for their business invoice. Promised ₹5931 as soon as vendor clears billing. Previous commitment on 15th failed due to delayed GST refund.,5931,2026-09-11,Broken PTP,True,"b2b_receivables_delay,broken_ptp,gst_refund_delay"
INT-5030,BORR-1011,Sneha Kulkarni,2026-09-16 09:49:00,Outbound Call,Anand M. (Escalation Lead),Cooperative,Borrower cited delayed client receivables for their business invoice. Promised ₹5931 as soon as vendor clears billing. Previous commitment on 15th failed due to delayed GST refund.,5931,2026-09-21,Promise to Pay (PTP),False,"b2b_receivables_delay,broken_ptp,gst_refund_delay"
INT-5031,BORR-1012,Manish Tiwari,2026-06-15 18:46:00,Outbound Call,Pooja V. (Vasool AI),Defensive,Borrower strongly disputed ₹4246 penal interest and bounce charges added to statement. Demanded statement reversal before making any principal payment.,0,,Dispute Raised,False,"penal_charges_dispute,demanded_charge_reversal,contested_fees"
INT-5032,BORR-1012,Manish Tiwari,2026-07-10 13:18:00,WhatsApp Reminder,Pooja V. (Vasool AI),Angry,Borrower strongly disputed ₹5527 penal interest and bounce charges added to statement. Demanded statement reversal before making any principal payment.,0,,Dispute Raised,False,"penal_charges_dispute,demanded_charge_reversal,contested_fees"
INT-5033,BORR-1012,Manish Tiwari,2026-08-06 11:38:00,IVR Call,Vasool Automated Bot,Defensive,Borrower strongly disputed ₹7857 penal interest and bounce charges added to statement. Demanded statement reversal before making any principal payment.,0,,Dispute Raised,False,"penal_charges_dispute,demanded_charge_reversal,contested_fees"
INT-5034,BORR-1012,Manish Tiwari,2026-08-31 09:52:00,IVR Call,Vasool Automated Bot,Defensive,Borrower strongly disputed ₹3348 penal interest and bounce charges added to statement. Demanded statement reversal before making any principal payment.,0,,Dispute Raised,False,"penal_charges_dispute,demanded_charge_reversal,contested_fees"
INT-5035,BORR-1013,Pooja Hegde,2026-09-18 13:42:00,SMS Urgent Notice,Vasool Automated Bot,Evasive,"Borrower disconnected call abruptly after stating they were in a meeting. On callback, claimed wrong number or said 'I will see next week'. No concrete commitment provided.",0,,Refused to Pay,False,"evasive,call_disconnected,unresponsive_debtor"
INT-5036,BORR-1013,Pooja Hegde,2026-09-24 15:27:00,Outbound Call,Pooja V. (Vasool AI),Cold,"Borrower disconnected call abruptly after stating they were in a meeting. On callback, claimed wrong number or said 'I will see next week'. No concrete commitment provided.",0,,Refused to Pay,False,"evasive,call_disconnected,unresponsive_debtor"
INT-5037,BORR-1014,Harish Chandra,2026-06-18 18:45:00,Inbound Callback,Anand M. (Escalation Lead),Evasive,"Borrower disconnected call abruptly after stating they were in a meeting. On callback, claimed wrong number or said 'I will see next week'. No concrete commitment provided.",0,,Refused to Pay,False,"evasive,call_disconnected,unresponsive_debtor"
INT-5038,BORR-1014,Harish Chandra,2026-07-14 13:33:00,Outbound Call,Vasool Automated Bot,Evasive,"Borrower disconnected call abruptly after stating they were in a meeting. On callback, claimed wrong number or said 'I will see next week'. No concrete commitment provided.",0,,Refused to Pay,False,"evasive,call_disconnected,unresponsive_debtor"
INT-5039,BORR-1014,Harish Chandra,2026-08-06 12:52:00,Outbound Call,Vasool Automated Bot,Curt,"Borrower disconnected call abruptly after stating they were in a meeting. On callback, claimed wrong number or said 'I will see next week'. No concrete commitment provided.",0,,Refused to Pay,False,"evasive,call_disconnected,unresponsive_debtor"
INT-5040,BORR-1014,Harish Chandra,2026-09-01 18:19:00,Inbound Callback,Ramesh K. (Senior Specialist),Evasive,"Borrower disconnected call abruptly after stating they were in a meeting. On callback, claimed wrong number or said 'I will see next week'. No concrete commitment provided.",0,,Refused to Pay,False,"evasive,call_disconnected,unresponsive_debtor"
INT-5041,BORR-1015,Divya Menon,2026-09-12 12:22:00,SMS Urgent Notice,Vasool Automated Bot,Cold,"Borrower disconnected call abruptly after stating they were in a meeting. On callback, claimed wrong number or said 'I will see next week'. No concrete commitment provided.",0,,Refused to Pay,False,"evasive,call_disconnected,unresponsive_debtor"
INT-5042,BORR-1015,Divya Menon,2026-09-20 12:11:00,Inbound Callback,Anand M. (Escalation Lead),Cold,"Borrower disconnected call abruptly after stating they were in a meeting. On callback, claimed wrong number or said 'I will see next week'. No concrete commitment provided.",0,,Refused to Pay,False,"evasive,call_disconnected,unresponsive_debtor"
INT-5043,BORR-1016,Suresh Reddy,2026-06-11 09:16:00,IVR Call,Anand M. (Escalation Lead),Cooperative,Borrower explained financial crisis due to family medical treatment at hospital. Stated savings were depleted. Requested waiver of late charges and asked for time until month-end salary.,0,,Restructure Requested,False,"medical_hardship,family_hospitalization,request_late_fee_waiver"
INT-5044,BORR-1016,Suresh Reddy,2026-07-07 14:37:00,IVR Call,Pooja V. (Vasool AI),Cooperative,Borrower explained financial crisis due to family medical treatment at hospital. Stated savings were depleted. Requested waiver of late charges and asked for time until month-end salary.,6892,2026-07-14,Broken PTP,True,"medical_hardship,family_hospitalization,request_late_fee_waiver"
INT-5045,BORR-1016,Suresh Reddy,2026-08-03 12:26:00,Outbound Call,Anand M. (Escalation Lead),Distressed,Borrower explained financial crisis due to family medical treatment at hospital. Stated savings were depleted. Requested waiver of late charges and asked for time until month-end salary.,6892,2026-08-10,Broken PTP,True,"medical_hardship,family_hospitalization,request_late_fee_waiver"
INT-5046,BORR-1016,Suresh Reddy,2026-08-30 17:53:00,Inbound Callback,Vasool Automated Bot,Cooperative,Borrower explained financial crisis due to family medical treatment at hospital. Stated savings were depleted. Requested waiver of late charges and asked for time until month-end salary.,6892,2026-09-06,Promise to Pay (PTP),False,"medical_hardship,family_hospitalization,request_late_fee_waiver"
INT-5047,BORR-1017,Neha Agarwal,2026-05-19 13:45:00,Inbound Callback,Ramesh K. (Senior Specialist),Cold,"Borrower disconnected call abruptly after stating they were in a meeting. On callback, claimed wrong number or said 'I will see next week'. No concrete commitment provided.",0,,Refused to Pay,False,"evasive,call_disconnected,unresponsive_debtor"
INT-5048,BORR-1017,Neha Agarwal,2026-06-20 15:53:00,Inbound Callback,Vasool Automated Bot,Cold,"Borrower disconnected call abruptly after stating they were in a meeting. On callback, claimed wrong number or said 'I will see next week'. No concrete commitment provided.",0,,Refused to Pay,False,"evasive,call_disconnected,unresponsive_debtor"
INT-5049,BORR-1017,Neha Agarwal,2026-07-22 09:29:00,WhatsApp Reminder,Ramesh K. (Senior Specialist),Cold,"Borrower disconnected call abruptly after stating they were in a meeting. On callback, claimed wrong number or said 'I will see next week'. No concrete commitment provided.",0,,Refused to Pay,False,"evasive,call_disconnected,unresponsive_debtor"
INT-5050,BORR-1017,Neha Agarwal,2026-08-23 18:51:00,WhatsApp Reminder,Anand M. (Escalation Lead),Cold,"Borrower disconnected call abruptly after stating they were in a meeting. On callback, claimed wrong number or said 'I will see next week'. No concrete commitment provided.",0,,Refused to Pay,False,"evasive,call_disconnected,unresponsive_debtor"
INT-5051,BORR-1018,Sanjay Mehta,2026-09-08 11:11:00,Outbound Call,Ramesh K. (Senior Specialist),Cooperative,Borrower explained financial crisis due to family medical treatment at hospital. Stated savings were depleted. Requested waiver of late charges and asked for time until month-end salary.,0,,Restructure Requested,False,"medical_hardship,family_hospitalization,request_late_fee_waiver"
INT-5052,BORR-1018,Sanjay Mehta,2026-09-16 10:39:00,SMS Urgent Notice,Ramesh K. (Senior Specialist),Hesitant,Borrower explained financial crisis due to family medical treatment at hospital. Stated savings were depleted. Requested waiver of late charges and asked for time until month-end salary.,2194,2026-09-23,Promise to Pay (PTP),False,"medical_hardship,family_hospitalization,request_late_fee_waiver"
INT-5053,BORR-1019,Arvind Swaminathan,2026-08-22 16:13:00,IVR Call,Ramesh K. (Senior Specialist),Angry,Borrower strongly disputed ₹6239 penal interest and bounce charges added to statement. Demanded statement reversal before making any principal payment.,0,,Dispute Raised,False,"penal_charges_dispute,demanded_charge_reversal,contested_fees"
INT-5054,BORR-1019,Arvind Swaminathan,2026-09-04 16:52:00,IVR Call,Vasool Automated Bot,Argumentative,Borrower strongly disputed ₹7518 penal interest and bounce charges added to statement. Demanded statement reversal before making any principal payment.,0,,Dispute Raised,False,"penal_charges_dispute,demanded_charge_reversal,contested_fees"
INT-5055,BORR-1019,Arvind Swaminathan,2026-09-13 17:37:00,IVR Call,Anand M. (Escalation Lead),Angry,Borrower strongly disputed ₹6388 penal interest and bounce charges added to statement. Demanded statement reversal before making any principal payment.,0,,Dispute Raised,False,"penal_charges_dispute,demanded_charge_reversal,contested_fees"
INT-5056,BORR-1020,Meera Iyer,2026-07-02 14:44:00,Outbound Call,Ramesh K. (Senior Specialist),Distressed,Borrower explained financial crisis due to family medical treatment at hospital. Stated savings were depleted. Requested waiver of late charges and asked for time until month-end salary.,0,,Restructure Requested,False,"medical_hardship,family_hospitalization,request_late_fee_waiver"
INT-5057,BORR-1020,Meera Iyer,2026-07-24 15:54:00,Inbound Callback,Ramesh K. (Senior Specialist),Distressed,Borrower explained financial crisis due to family medical treatment at hospital. Stated savings were depleted. Requested waiver of late charges and asked for time until month-end salary.,1589,2026-07-31,Broken PTP,True,"medical_hardship,family_hospitalization,request_late_fee_waiver"
INT-5058,BORR-1020,Meera Iyer,2026-08-13 15:31:00,IVR Call,Anand M. (Escalation Lead),Cooperative,Borrower explained financial crisis due to family medical treatment at hospital. Stated savings were depleted. Requested waiver of late charges and asked for time until month-end salary.,1589,2026-08-20,Broken PTP,True,"medical_hardship,family_hospitalization,request_late_fee_waiver"
INT-5059,BORR-1020,Meera Iyer,2026-09-04 12:36:00,SMS Urgent Notice,Pooja V. (Vasool AI),Hesitant,Borrower explained financial crisis due to family medical treatment at hospital. Stated savings were depleted. Requested waiver of late charges and asked for time until month-end salary.,1589,2026-09-11,Promise to Pay (PTP),False,"medical_hardship,family_hospitalization,request_late_fee_waiver"
INT-5060,BORR-1021,Karan Singhania,2026-09-11 09:34:00,WhatsApp Reminder,Anand M. (Escalation Lead),Defensive,Borrower strongly disputed ₹3852 penal interest and bounce charges added to statement. Demanded statement reversal before making any principal payment.,0,,Dispute Raised,False,"penal_charges_dispute,demanded_charge_reversal,contested_fees"
INT-5061,BORR-1021,Karan Singhania,2026-09-19 11:49:00,IVR Call,Pooja V. (Vasool AI),Argumentative,Borrower strongly disputed ₹7348 penal interest and bounce charges added to statement. Demanded statement reversal before making any principal payment.,0,,Dispute Raised,False,"penal_charges_dispute,demanded_charge_reversal,contested_fees"
INT-5062,BORR-1022,Radhika Verma,2026-07-24 13:36:00,WhatsApp Reminder,Pooja V. (Vasool AI),Stressed,Borrower cited delayed client receivables for their business invoice. Promised ₹23524 as soon as vendor clears billing. Previous commitment on 15th failed due to delayed GST refund.,23524,2026-07-29,Broken PTP,True,"b2b_receivables_delay,broken_ptp,gst_refund_delay"
INT-5063,BORR-1022,Radhika Verma,2026-08-10 17:13:00,WhatsApp Reminder,Ramesh K. (Senior Specialist),Cooperative,Borrower cited delayed client receivables for their business invoice. Promised ₹23524 as soon as vendor clears billing. Previous commitment on 15th failed due to delayed GST refund.,23524,2026-08-15,Broken PTP,True,"b2b_receivables_delay,broken_ptp,gst_refund_delay"
INT-5064,BORR-1022,Radhika Verma,2026-08-26 09:11:00,Inbound Callback,Ramesh K. (Senior Specialist),Defensive,Borrower cited delayed client receivables for their business invoice. Promised ₹23524 as soon as vendor clears billing. Previous commitment on 15th failed due to delayed GST refund.,23524,2026-08-31,Broken PTP,True,"b2b_receivables_delay,broken_ptp,gst_refund_delay"
INT-5065,BORR-1022,Radhika Verma,2026-09-09 11:25:00,Inbound Callback,Anand M. (Escalation Lead),Cooperative,Borrower cited delayed client receivables for their business invoice. Promised ₹23524 as soon as vendor clears billing. Previous commitment on 15th failed due to delayed GST refund.,23524,2026-09-14,Promise to Pay (PTP),False,"b2b_receivables_delay,broken_ptp,gst_refund_delay"
INT-5066,BORR-1023,Naveen Kumar,2026-05-30 18:53:00,SMS Urgent Notice,Anand M. (Escalation Lead),Defensive,Borrower informed about layoff in tech sector downsizing. Currently attending interviews. Requested emergency moratorium or reduced EMI of ₹2925 for 3 months.,0,,Restructure Requested,False,"job_loss,layoff,restructuring_requested,reduced_capacity"
INT-5067,BORR-1023,Naveen Kumar,2026-06-30 10:47:00,Inbound Callback,Pooja V. (Vasool AI),Defensive,Borrower informed about layoff in tech sector downsizing. Currently attending interviews. Requested emergency moratorium or reduced EMI of ₹2925 for 3 months.,0,,Restructure Requested,False,"job_loss,layoff,restructuring_requested,reduced_capacity"
INT-5068,BORR-1023,Naveen Kumar,2026-07-29 18:17:00,IVR Call,Pooja V. (Vasool AI),Anxious,Borrower informed about layoff in tech sector downsizing. Currently attending interviews. Requested emergency moratorium or reduced EMI of ₹2925 for 3 months.,2438,2026-10-03,Restructure Requested,False,"job_loss,layoff,restructuring_requested,reduced_capacity"
INT-5069,BORR-1023,Naveen Kumar,2026-08-27 15:52:00,WhatsApp Reminder,Pooja V. (Vasool AI),Defensive,Borrower informed about layoff in tech sector downsizing. Currently attending interviews. Requested emergency moratorium or reduced EMI of ₹2925 for 3 months.,2438,2026-10-03,Restructure Requested,False,"job_loss,layoff,restructuring_requested,reduced_capacity"
INT-5070,BORR-1024,Preeti Deshmukh,2026-07-01 17:51:00,WhatsApp Reminder,Anand M. (Escalation Lead),Cold,"Borrower disconnected call abruptly after stating they were in a meeting. On callback, claimed wrong number or said 'I will see next week'. No concrete commitment provided.",0,,Refused to Pay,False,"evasive,call_disconnected,unresponsive_debtor"
INT-5071,BORR-1024,Preeti Deshmukh,2026-07-23 18:27:00,WhatsApp Reminder,Ramesh K. (Senior Specialist),Evasive,"Borrower disconnected call abruptly after stating they were in a meeting. On callback, claimed wrong number or said 'I will see next week'. No concrete commitment provided.",0,,Refused to Pay,False,"evasive,call_disconnected,unresponsive_debtor"
INT-5072,BORR-1024,Preeti Deshmukh,2026-08-13 16:25:00,SMS Urgent Notice,Anand M. (Escalation Lead),Cold,"Borrower disconnected call abruptly after stating they were in a meeting. On callback, claimed wrong number or said 'I will see next week'. No concrete commitment provided.",0,,Refused to Pay,False,"evasive,call_disconnected,unresponsive_debtor"
INT-5073,BORR-1024,Preeti Deshmukh,2026-09-04 16:30:00,Inbound Callback,Anand M. (Escalation Lead),Evasive,"Borrower disconnected call abruptly after stating they were in a meeting. On callback, claimed wrong number or said 'I will see next week'. No concrete commitment provided.",0,,Refused to Pay,False,"evasive,call_disconnected,unresponsive_debtor"
INT-5074,BORR-1025,Gaurav Saxena,2026-07-29 12:54:00,SMS Urgent Notice,Anand M. (Escalation Lead),Cooperative,Borrower explained financial crisis due to family medical treatment at hospital. Stated savings were depleted. Requested waiver of late charges and asked for time until month-end salary.,0,,Restructure Requested,False,"medical_hardship,family_hospitalization,request_late_fee_waiver"
INT-5075,BORR-1025,Gaurav Saxena,2026-08-19 10:28:00,Inbound Callback,Anand M. (Escalation Lead),Hesitant,Borrower explained financial crisis due to family medical treatment at hospital. Stated savings were depleted. Requested waiver of late charges and asked for time until month-end salary.,1120,2026-08-26,Broken PTP,True,"medical_hardship,family_hospitalization,request_late_fee_waiver"
INT-5076,BORR-1025,Gaurav Saxena,2026-09-07 13:52:00,IVR Call,Vasool Automated Bot,Cooperative,Borrower explained financial crisis due to family medical treatment at hospital. Stated savings were depleted. Requested waiver of late charges and asked for time until month-end salary.,1120,2026-09-14,Promise to Pay (PTP),False,"medical_hardship,family_hospitalization,request_late_fee_waiver"
INT-5077,BORR-1026,Shalini Bose,2026-08-03 12:30:00,Outbound Call,Ramesh K. (Senior Specialist),Distressed,Borrower informed about layoff in tech sector downsizing. Currently attending interviews. Requested emergency moratorium or reduced EMI of ₹9909 for 3 months.,0,,Restructure Requested,False,"job_loss,layoff,restructuring_requested,reduced_capacity"
INT-5078,BORR-1026,Shalini Bose,2026-08-23 16:27:00,IVR Call,Vasool Automated Bot,Distressed,Borrower informed about layoff in tech sector downsizing. Currently attending interviews. Requested emergency moratorium or reduced EMI of ₹9909 for 3 months.,0,,Restructure Requested,False,"job_loss,layoff,restructuring_requested,reduced_capacity"
INT-5079,BORR-1026,Shalini Bose,2026-09-10 13:24:00,WhatsApp Reminder,Ramesh K. (Senior Specialist),Anxious,Borrower informed about layoff in tech sector downsizing. Currently attending interviews. Requested emergency moratorium or reduced EMI of ₹9909 for 3 months.,8257,2026-10-03,Restructure Requested,False,"job_loss,layoff,restructuring_requested,reduced_capacity"
INT-5080,BORR-1027,Tarun Bhatia,2026-09-21 16:38:00,WhatsApp Reminder,Ramesh K. (Senior Specialist),Distressed,Borrower explained financial crisis due to family medical treatment at hospital. Stated savings were depleted. Requested waiver of late charges and asked for time until month-end salary.,0,,Restructure Requested,False,"medical_hardship,family_hospitalization,request_late_fee_waiver"
INT-5081,BORR-1027,Tarun Bhatia,2026-09-24 16:17:00,Outbound Call,Anand M. (Escalation Lead),Cooperative,Borrower explained financial crisis due to family medical treatment at hospital. Stated savings were depleted. Requested waiver of late charges and asked for time until month-end salary.,18926,2026-09-28,Promise to Pay (PTP),False,"medical_hardship,family_hospitalization,request_late_fee_waiver"
INT-5082,BORR-1028,Swati Pandey,2026-07-26 18:24:00,IVR Call,Anand M. (Escalation Lead),Cooperative,Borrower explained financial crisis due to family medical treatment at hospital. Stated savings were depleted. Requested waiver of late charges and asked for time until month-end salary.,0,,Restructure Requested,False,"medical_hardship,family_hospitalization,request_late_fee_waiver"
INT-5083,BORR-1028,Swati Pandey,2026-08-11 13:47:00,SMS Urgent Notice,Vasool Automated Bot,Hesitant,Borrower explained financial crisis due to family medical treatment at hospital. Stated savings were depleted. Requested waiver of late charges and asked for time until month-end salary.,3989,2026-08-18,Broken PTP,True,"medical_hardship,family_hospitalization,request_late_fee_waiver"
INT-5084,BORR-1028,Swati Pandey,2026-08-25 09:49:00,Outbound Call,Ramesh K. (Senior Specialist),Hesitant,Borrower explained financial crisis due to family medical treatment at hospital. Stated savings were depleted. Requested waiver of late charges and asked for time until month-end salary.,3989,2026-09-01,Broken PTP,True,"medical_hardship,family_hospitalization,request_late_fee_waiver"
INT-5085,BORR-1028,Swati Pandey,2026-09-11 13:52:00,Outbound Call,Ramesh K. (Senior Specialist),Distressed,Borrower explained financial crisis due to family medical treatment at hospital. Stated savings were depleted. Requested waiver of late charges and asked for time until month-end salary.,3989,2026-09-18,Promise to Pay (PTP),False,"medical_hardship,family_hospitalization,request_late_fee_waiver"
INT-5086,BORR-1029,Ashok Pillai,2026-09-22 16:14:00,Inbound Callback,Vasool Automated Bot,Hesitant,Borrower explained financial crisis due to family medical treatment at hospital. Stated savings were depleted. Requested waiver of late charges and asked for time until month-end salary.,0,,Restructure Requested,False,"medical_hardship,family_hospitalization,request_late_fee_waiver"
INT-5087,BORR-1029,Ashok Pillai,2026-09-23 12:37:00,Outbound Call,Ramesh K. (Senior Specialist),Hesitant,Borrower explained financial crisis due to family medical treatment at hospital. Stated savings were depleted. Requested waiver of late charges and asked for time until month-end salary.,2008,2026-09-28,Promise to Pay (PTP),False,"medical_hardship,family_hospitalization,request_late_fee_waiver"
INT-5088,BORR-1030,Leena Fernandes,2026-07-26 15:27:00,IVR Call,Anand M. (Escalation Lead),Argumentative,Borrower strongly disputed ₹3158 penal interest and bounce charges added to statement. Demanded statement reversal before making any principal payment.,0,,Dispute Raised,False,"penal_charges_dispute,demanded_charge_reversal,contested_fees"
INT-5089,BORR-1030,Leena Fernandes,2026-08-09 09:37:00,WhatsApp Reminder,Vasool Automated Bot,Angry,Borrower strongly disputed ₹3248 penal interest and bounce charges added to statement. Demanded statement reversal before making any principal payment.,0,,Dispute Raised,False,"penal_charges_dispute,demanded_charge_reversal,contested_fees"
INT-5090,BORR-1030,Leena Fernandes,2026-08-26 18:47:00,Outbound Call,Vasool Automated Bot,Defensive,Borrower strongly disputed ₹2829 penal interest and bounce charges added to statement. Demanded statement reversal before making any principal payment.,0,,Dispute Raised,False,"penal_charges_dispute,demanded_charge_reversal,contested_fees"
INT-5091,BORR-1030,Leena Fernandes,2026-09-10 16:43:00,SMS Urgent Notice,Vasool Automated Bot,Angry,Borrower strongly disputed ₹7295 penal interest and bounce charges added to statement. Demanded statement reversal before making any principal payment.,0,,Dispute Raised,False,"penal_charges_dispute,demanded_charge_reversal,contested_fees"
